Key,Test,# Trips,# Vehicles,Solution Mode,Time window (min),weight,Competitive Ratio,Algorithm,Objective type,Objective value,# Served customers,# Rejected customers,Average profit ($),Total profit,Average revenue ($),Total revenue,Total cost($),Total wait time (min),Avg. wait time (min),Empty travel time (min),% of Service,runtime (s)
3-High_1_1_tp,3-High_1,158,25,fully_online,1,1,0.23,Greedy,total_profit,265.02,17,141,15.59,265.02,17.01,289.12,24.09,143.83,0.91,0.0,10.8,0.012
3-High_1_3_tp,3-High_1,158,25,fully_online,3,1,0.47,Greedy,total_profit,594.12,44,114,13.5,594.12,14.84,652.98,58.86,406.05,2.57,53.38,27.8,0.027
3-High_1_6_tp,3-High_1,158,25,fully_online,6,1,0.73,Greedy,total_profit,989.95,79,79,12.53,989.95,13.91,1098.73,108.78,750.28,4.75,206.58,50.0,0.043
3-High_1_1_tp,3-High_1,158,25,advance_notice,1,1,0.85,Greedy,total_profit,990.01,80,78,12.38,990.01,13.89,1110.88,120.87,97.93,0.62,339.55,50.6,0.824
3-High_1_3_tp,3-High_1,158,25,advance_notice,3,1,0.89,Greedy,total_profit,1123.94,84,74,13.38,1123.94,14.98,1258.43,134.49,314.28,1.99,355.5,53.2,0.552
3-High_1_6_tp,3-High_1,158,25,advance_notice,6,1,0.87,Greedy,total_profit,1184.84,90,68,13.16,1184.84,14.71,1324.25,139.41,657.92,4.16,348.63,57.0,0.497
3-High_1_1_tp,3-High_1,158,25,fully_online,1,1,0.23,Random,total_profit,265.02,17,141,15.59,265.02,17.01,289.12,24.09,143.83,0.91,0.0,10.8,0.012
3-High_1_3_tp,3-High_1,158,25,fully_online,3,1,0.47,Random,total_profit,594.12,44,114,13.5,594.12,14.84,652.98,58.86,406.05,2.57,53.38,27.8,0.027
3-High_1_6_tp,3-High_1,158,25,fully_online,6,1,0.74,Random,total_profit,1007.21,79,79,12.75,1007.21,14.16,1118.7,111.49,744.91,4.71,219.13,50.0,0.044
3-High_1_1_tp,3-High_1,158,25,advance_notice,1,1,0.86,Random,total_profit,1005.34,76,82,13.23,1005.34,14.9,1132.28,126.95,106.94,0.68,391.07,48.1,0.585
3-High_1_3_tp,3-High_1,158,25,advance_notice,3,1,0.86,Random,total_profit,1092.04,84,74,13.0,1092.04,14.61,1227.53,135.49,327.53,2.07,398.3,53.2,0.396
3-High_1_6_tp,3-High_1,158,25,advance_notice,6,1,0.85,Random,total_profit,1146.38,93,65,12.33,1146.38,13.88,1290.63,144.25,688.56,4.36,440.33,58.9,0.355
3-High_1_1_tp,3-High_1,158,25,fully_online,1,1,0.23,Ranking,total_profit,265.02,17,141,15.59,265.02,17.01,289.12,24.09,143.83,0.91,0.0,10.8,0.012
3-High_1_3_tp,3-High_1,158,25,fully_online,3,1,0.45,Ranking,total_profit,567.78,42,116,13.52,567.78,14.86,624.25,56.47,409.45,2.59,53.37,26.6,0.027
3-High_1_6_tp,3-High_1,158,25,fully_online,6,1,0.7,Ranking,total_profit,942.5,73,85,12.91,942.5,14.38,1049.73,107.23,804.84,5.09,237.0,46.2,0.043
3-High_1_1_tp,3-High_1,158,25,advance_notice,1,1,0.86,Ranking,total_profit,999.79,75,83,13.33,999.79,14.95,1121.61,121.82,104.44,0.66,340.25,47.5,0.707
3-High_1_3_tp,3-High_1,158,25,advance_notice,3,1,0.86,Ranking,total_profit,1088.56,83,75,13.12,1088.56,14.73,1222.4,133.83,323.43,2.05,383.62,52.5,0.442
3-High_1_6_tp,3-High_1,158,25,advance_notice,6,1,0.87,Ranking,total_profit,1174.48,90,68,13.05,1174.48,14.65,1318.18,143.7,701.55,4.44,406.23,57.0,0.414
3-High_1_1_wt,3-High_1,158,25,fully_online,1,1,1.99,Greedy,waiting_time,143.83,17,141,15.59,265.02,17.01,289.12,24.09,143.83,0.91,0.0,10.8,0.012
3-High_1_3_wt,3-High_1,158,25,fully_online,3,1,1.94,Greedy,waiting_time,403.76,44,114,13.5,594.12,14.84,652.98,58.86,403.76,2.56,53.35,27.8,0.028
3-High_1_6_wt,3-High_1,158,25,fully_online,6,1,1.86,Greedy,waiting_time,740.44,81,77,12.87,1042.4,14.29,1157.23,114.83,740.44,4.69,220.67,51.3,0.044
3-High_1_1_wt,3-High_1,158,25,advance_notice,1,1,1.36,Greedy,waiting_time,98.19,77,81,13.1,1009.08,14.67,1129.68,120.6,98.19,0.62,317.5,48.7,0.884
3-High_1_3_wt,3-High_1,158,25,advance_notice,3,1,1.47,Greedy,waiting_time,305.88,83,75,13.23,1097.98,14.82,1229.73,131.75,305.88,1.94,351.28,52.5,0.563
3-High_1_6_wt,3-High_1,158,25,advance_notice,6,1,1.61,Greedy,waiting_time,642.29,91,67,13.15,1196.86,14.7,1337.87,141.0,642.29,4.07,354.18,57.6,0.443
3-High_1_1_wt,3-High_1,158,25,fully_online,1,1,1.99,Random,waiting_time,143.83,17,141,15.59,265.02,17.01,289.12,24.09,143.83,0.91,0.0,10.8,0.012
3-High_1_3_wt,3-High_1,158,25,fully_online,3,1,1.97,Random,waiting_time,409.45,42,116,13.52,567.78,14.86,624.25,56.47,409.45,2.59,53.37,26.6,0.028
3-High_1_6_wt,3-High_1,158,25,fully_online,6,1,1.93,Random,waiting_time,770.67,80,78,12.83,1026.1,14.28,1142.33,116.23,770.67,4.88,252.43,50.6,0.045
3-High_1_1_wt,3-High_1,158,25,advance_notice,1,1,1.5,Random,waiting_time,108.71,77,81,13.27,1021.53,14.93,1149.85,128.32,108.71,0.69,390.0,48.7,0.668
3-High_1_3_wt,3-High_1,158,25,advance_notice,3,1,1.56,Random,waiting_time,323.23,85,73,12.84,1091.38,14.44,1227.55,136.17,323.23,2.05,406.5,53.8,0.365
3-High_1_6_wt,3-High_1,158,25,advance_notice,6,1,1.85,Random,waiting_time,736.04,87,71,12.96,1127.52,14.61,1270.66,143.14,736.04,4.66,447.02,55.1,0.321
3-High_1_1_wt,3-High_1,158,25,fully_online,1,1,1.99,Ranking,waiting_time,143.83,17,141,15.59,265.02,17.01,289.12,24.09,143.83,0.91,0.0,10.8,0.012
3-High_1_3_wt,3-High_1,158,25,fully_online,3,1,1.95,Ranking,waiting_time,406.05,44,114,13.5,594.12,14.84,652.98,58.86,406.05,2.57,53.38,27.8,0.027
3-High_1_6_wt,3-High_1,158,25,fully_online,6,1,1.97,Ranking,waiting_time,786.51,78,80,12.72,992.23,14.18,1106.18,113.95,786.51,4.98,261.25,49.4,0.045
3-High_1_1_wt,3-High_1,158,25,advance_notice,1,1,1.42,Ranking,waiting_time,102.6,75,83,12.97,973.05,14.59,1094.52,121.47,102.6,0.65,363.08,47.5,0.712
3-High_1_3_wt,3-High_1,158,25,advance_notice,3,1,1.55,Ranking,waiting_time,322.78,82,76,13.02,1067.45,14.64,1200.65,133.2,322.78,2.04,397.7,51.9,0.422
3-High_1_6_wt,3-High_1,158,25,advance_notice,6,1,1.72,Ranking,waiting_time,685.71,88,70,12.83,1129.45,14.43,1270.26,140.81,685.71,4.34,419.48,55.7,0.43
3-High_1_1_nc,3-High_1,158,25,fully_online,1,1,0.19,Greedy,total_customers,17.0,17,141,15.59,265.02,17.01,289.12,24.09,143.83,0.91,0.0,10.8,0.012
3-High_1_3_nc,3-High_1,158,25,fully_online,3,1,0.44,Greedy,total_customers,44.0,44,114,13.5,594.12,14.84,652.98,58.86,403.76,2.56,53.35,27.8,0.026
3-High_1_6_nc,3-High_1,158,25,fully_online,6,1,0.75,Greedy,total_customers,81.0,81,77,12.87,1042.4,14.29,1157.23,114.83,740.44,4.69,220.67,51.3,0.043
3-High_1_1_nc,3-High_1,158,25,advance_notice,1,1,0.87,Greedy,total_customers,77.0,77,81,13.1,1009.08,14.67,1129.68,120.6,98.19,0.62,317.5,48.7,0.87
3-High_1_3_nc,3-High_1,158,25,advance_notice,3,1,0.84,Greedy,total_customers,83.0,83,75,13.23,1097.98,14.82,1229.73,131.75,305.88,1.94,351.28,52.5,0.565
3-High_1_6_nc,3-High_1,158,25,advance_notice,6,1,0.84,Greedy,total_customers,91.0,91,67,13.15,1196.86,14.7,1337.87,141.0,642.29,4.07,354.18,57.6,0.443
3-High_1_1_nc,3-High_1,158,25,fully_online,1,1,0.19,Random,total_customers,17.0,17,141,15.59,265.02,17.01,289.12,24.09,143.83,0.91,0.0,10.8,0.012
3-High_1_3_nc,3-High_1,158,25,fully_online,3,1,0.44,Random,total_customers,44.0,44,114,13.5,594.12,14.84,652.98,58.86,406.05,2.57,53.38,27.8,0.027
3-High_1_6_nc,3-High_1,158,25,fully_online,6,1,0.75,Random,total_customers,81.0,81,77,12.4,1004.64,13.8,1117.88,113.24,759.07,4.8,241.03,51.3,0.045
3-High_1_1_nc,3-High_1,158,25,advance_notice,1,1,0.84,Random,total_customers,75.0,75,83,13.12,984.3,14.81,1110.65,126.35,110.46,0.7,405.57,47.5,0.561
3-High_1_3_nc,3-High_1,158,25,advance_notice,3,1,0.84,Random,total_customers,83.0,83,75,13.16,1092.24,14.8,1228.31,136.08,333.49,2.11,404.62,52.5,0.351
3-High_1_6_nc,3-High_1,158,25,advance_notice,6,1,0.8,Random,total_customers,86.0,86,72,12.97,1115.37,14.62,1257.51,142.14,728.55,4.61,448.17,54.4,0.313
3-High_1_1_nc,3-High_1,158,25,fully_online,1,1,0.19,Ranking,total_customers,17.0,17,141,15.59,265.02,17.01,289.12,24.09,143.83,0.91,0.0,10.8,0.012
3-High_1_3_nc,3-High_1,158,25,fully_online,3,1,0.42,Ranking,total_customers,42.0,42,116,13.51,567.59,14.86,624.25,56.66,413.97,2.62,55.63,26.6,0.027
3-High_1_6_nc,3-High_1,158,25,fully_online,6,1,0.73,Ranking,total_customers,79.0,79,79,12.84,1014.28,14.28,1127.81,113.53,770.28,4.88,234.57,50.0,0.043
3-High_1_1_nc,3-High_1,158,25,advance_notice,1,1,0.83,Ranking,total_customers,74.0,74,84,12.84,949.91,14.43,1067.78,117.87,100.58,0.64,346.7,46.8,0.78
3-High_1_3_nc,3-High_1,158,25,advance_notice,3,1,0.83,Ranking,total_customers,82.0,82,76,13.13,1076.32,14.76,1210.32,133.99,319.91,2.02,397.6,51.9,0.418
3-High_1_6_nc,3-High_1,158,25,advance_notice,6,1,0.82,Ranking,total_customers,89.0,89,69,12.73,1132.72,14.32,1274.15,141.42,696.54,4.41,422.93,56.3,0.42
3-High_2_1_tp,3-High_2,156,25,fully_online,1,1,0.15,Greedy,total_profit,174.26,12,144,14.52,174.26,15.84,190.1,15.84,146.0,0.94,0.0,7.7,0.011
3-High_2_3_tp,3-High_2,156,25,fully_online,3,1,0.54,Greedy,total_profit,678.54,48,108,14.14,678.54,15.53,745.31,66.77,391.38,2.51,55.93,30.8,0.027
3-High_2_6_tp,3-High_2,156,25,fully_online,6,1,0.76,Greedy,total_profit,1018.64,74,82,13.77,1018.64,15.25,1128.8,110.16,737.85,4.73,193.12,47.4,0.044
3-High_2_1_tp,3-High_2,156,25,advance_notice,1,1,0.85,Greedy,total_profit,975.55,73,83,13.36,975.55,14.91,1088.57,113.02,107.89,0.69,267.63,46.8,0.738
3-High_2_3_tp,3-High_2,156,25,advance_notice,3,1,0.89,Greedy,total_profit,1104.0,79,77,13.97,1104.0,15.59,1231.59,127.59,311.91,2.0,299.45,50.6,0.528
3-High_2_6_tp,3-High_2,156,25,advance_notice,6,1,0.89,Greedy,total_profit,1195.4,84,72,14.23,1195.4,15.89,1335.02,139.62,627.91,4.03,340.43,53.8,0.492
3-High_2_1_tp,3-High_2,156,25,fully_online,1,1,0.15,Random,total_profit,174.26,12,144,14.52,174.26,15.84,190.1,15.84,146.0,0.94,0.0,7.7,0.011
3-High_2_3_tp,3-High_2,156,25,fully_online,3,1,0.49,Random,total_profit,613.3,44,112,13.94,613.3,15.32,673.91,60.61,399.09,2.56,53.42,28.2,0.027
3-High_2_6_tp,3-High_2,156,25,fully_online,6,1,0.79,Random,total_profit,1050.4,71,85,14.79,1050.4,16.4,1164.33,113.93,748.79,4.8,202.83,45.5,0.043
3-High_2_1_tp,3-High_2,156,25,advance_notice,1,1,0.85,Random,total_profit,970.49,68,88,14.27,970.49,16.05,1091.45,120.96,115.62,0.74,360.08,43.6,0.523
3-High_2_3_tp,3-High_2,156,25,advance_notice,3,1,0.84,Random,total_profit,1048.95,78,78,13.45,1048.95,15.15,1181.59,132.63,334.43,2.14,410.02,50.0,0.375
3-High_2_6_tp,3-High_2,156,25,advance_notice,6,1,0.87,Random,total_profit,1168.31,82,74,14.25,1168.31,16.0,1312.3,143.99,702.77,4.5,415.6,52.6,0.319
3-High_2_1_tp,3-High_2,156,25,fully_online,1,1,0.15,Ranking,total_profit,174.26,12,144,14.52,174.26,15.84,190.1,15.84,146.0,0.94,0.0,7.7,0.011
3-High_2_3_tp,3-High_2,156,25,fully_online,3,1,0.52,Ranking,total_profit,652.15,47,109,13.88,652.15,15.26,717.23,65.09,401.94,2.58,63.8,30.1,0.027
3-High_2_6_tp,3-High_2,156,25,fully_online,6,1,0.7,Ranking,total_profit,932.76,71,85,13.14,932.76,14.63,1038.67,105.91,773.59,4.96,232.25,45.5,0.044
3-High_2_1_tp,3-High_2,156,25,advance_notice,1,1,0.86,Ranking,total_profit,991.81,70,86,14.17,991.81,15.83,1107.9,116.09,102.78,0.66,285.17,44.9,0.757
3-High_2_3_tp,3-High_2,156,25,advance_notice,3,1,0.83,Ranking,total_profit,1032.44,77,79,13.41,1032.44,15.04,1158.15,125.71,329.97,2.12,350.33,49.4,0.495
3-High_2_6_tp,3-High_2,156,25,advance_notice,6,1,0.86,Ranking,total_profit,1145.54,85,71,13.48,1145.54,15.16,1288.75,143.21,691.97,4.44,429.73,54.5,0.398
3-High_2_1_wt,3-High_2,156,25,fully_online,1,1,1.84,Greedy,waiting_time,146.0,12,144,14.52,174.26,15.84,190.1,15.84,146.0,0.94,0.0,7.7,0.01
3-High_2_3_wt,3-High_2,156,25,fully_online,3,1,1.75,Greedy,waiting_time,395.53,45,111,14.04,631.79,15.42,694.01,62.22,395.53,2.54,52.68,28.8,0.025
3-High_2_6_wt,3-High_2,156,25,fully_online,6,1,1.71,Greedy,waiting_time,734.07,72,84,14.09,1014.33,15.6,1123.52,109.19,734.07,4.71,186.75,46.2,0.041
3-High_2_1_wt,3-High_2,156,25,advance_notice,1,1,1.4,Greedy,waiting_time,111.58,73,83,13.73,1002.39,15.32,1118.62,116.22,111.58,0.72,276.05,46.8,0.674
3-High_2_3_wt,3-High_2,156,25,advance_notice,3,1,1.34,Greedy,waiting_time,302.3,79,77,13.74,1085.18,15.35,1212.58,127.41,302.3,1.94,316.32,50.6,0.635
3-High_2_6_wt,3-High_2,156,25,advance_notice,6,1,1.46,Greedy,waiting_time,625.02,84,72,14.22,1194.45,15.89,1334.82,140.37,625.02,4.01,349.62,53.8,0.437
3-High_2_1_wt,3-High_2,156,25,fully_online,1,1,1.84,Random,waiting_time,146.0,12,144,14.52,174.26,15.84,190.1,15.84,146.0,0.94,0.0,7.7,0.011
3-High_2_3_wt,3-High_2,156,25,fully_online,3,1,1.78,Random,waiting_time,401.94,47,109,13.88,652.15,15.26,717.23,65.09,401.94,2.58,63.8,30.1,0.027
3-High_2_6_wt,3-High_2,156,25,fully_online,6,1,1.76,Random,waiting_time,756.46,72,84,14.24,1025.54,15.81,1138.33,112.79,756.46,4.85,215.17,46.2,0.043
3-High_2_1_wt,3-High_2,156,25,advance_notice,1,1,1.41,Random,waiting_time,111.99,70,86,14.12,988.41,15.87,1110.98,122.57,111.99,0.72,359.83,44.9,0.598
3-High_2_3_wt,3-High_2,156,25,advance_notice,3,1,1.49,Random,waiting_time,336.17,77,79,13.57,1044.97,15.29,1177.65,132.68,336.17,2.15,414.55,49.4,0.39
3-High_2_6_wt,3-High_2,156,25,advance_notice,6,1,1.68,Random,waiting_time,721.67,84,72,13.28,1115.58,14.96,1256.34,140.76,721.67,4.63,432.73,53.8,0.345
3-High_2_1_wt,3-High_2,156,25,fully_online,1,1,1.84,Ranking,waiting_time,146.0,12,144,14.52,174.26,15.84,190.1,15.84,146.0,0.94,0.0,7.7,0.01
3-High_2_3_wt,3-High_2,156,25,fully_online,3,1,1.79,Ranking,waiting_time,402.73,45,111,13.82,621.83,15.19,683.61,61.79,402.73,2.58,57.82,28.8,0.025
3-High_2_6_wt,3-High_2,156,25,fully_online,6,1,1.8,Ranking,waiting_time,770.49,71,85,14.06,998.04,15.61,1108.62,110.57,770.49,4.94,218.25,45.5,0.04
3-High_2_1_wt,3-High_2,156,25,advance_notice,1,1,1.37,Ranking,waiting_time,108.77,73,83,13.78,1006.3,15.42,1125.5,119.2,108.77,0.7,304.87,46.8,0.746
3-High_2_3_wt,3-High_2,156,25,advance_notice,3,1,1.42,Ranking,waiting_time,320.5,79,77,13.45,1062.6,15.04,1188.07,125.47,320.5,2.05,317.53,50.6,0.582
3-High_2_6_wt,3-High_2,156,25,advance_notice,6,1,1.67,Ranking,waiting_time,716.84,84,72,14.21,1193.23,15.95,1339.57,146.34,716.84,4.6,416.47,53.8,0.358
3-High_2_1_nc,3-High_2,156,25,fully_online,1,1,0.15,Greedy,total_customers,12.0,12,144,14.52,174.26,15.84,190.1,15.84,146.0,0.94,0.0,7.7,0.011
3-High_2_3_nc,3-High_2,156,25,fully_online,3,1,0.49,Greedy,total_customers,45.0,45,111,14.04,631.79,15.42,694.01,62.22,395.53,2.54,52.68,28.8,0.024
3-High_2_6_nc,3-High_2,156,25,fully_online,6,1,0.73,Greedy,total_customers,72.0,72,84,14.09,1014.33,15.6,1123.52,109.19,734.07,4.71,186.75,46.2,0.039
3-High_2_1_nc,3-High_2,156,25,advance_notice,1,1,0.92,Greedy,total_customers,73.0,73,83,13.73,1002.39,15.32,1118.62,116.22,111.58,0.72,276.05,46.8,0.674
3-High_2_3_nc,3-High_2,156,25,advance_notice,3,1,0.87,Greedy,total_customers,79.0,79,77,13.74,1085.18,15.35,1212.58,127.41,302.3,1.94,316.32,50.6,0.633
3-High_2_6_nc,3-High_2,156,25,advance_notice,6,1,0.85,Greedy,total_customers,84.0,84,72,14.22,1194.45,15.89,1334.82,140.37,625.02,4.01,349.62,53.8,0.425
3-High_2_1_nc,3-High_2,156,25,fully_online,1,1,0.15,Random,total_customers,12.0,12,144,14.52,174.26,15.84,190.1,15.84,146.0,0.94,0.0,7.7,0.009
3-High_2_3_nc,3-High_2,156,25,fully_online,3,1,0.53,Random,total_customers,48.0,48,108,13.97,670.77,15.36,737.33,66.57,397.88,2.55,61.47,30.8,0.024
3-High_2_6_nc,3-High_2,156,25,fully_online,6,1,0.75,Random,total_customers,74.0,74,82,13.96,1032.91,15.51,1147.54,114.63,760.97,4.88,227.98,47.4,0.04
3-High_2_1_nc,3-High_2,156,25,advance_notice,1,1,0.9,Random,total_customers,71.0,71,85,14.43,1024.83,16.21,1150.68,125.85,113.49,0.73,359.57,45.5,0.565
3-High_2_3_nc,3-High_2,156,25,advance_notice,3,1,0.85,Random,total_customers,77.0,77,79,13.33,1026.41,15.02,1156.7,130.29,331.05,2.12,406.77,49.4,0.342
3-High_2_6_nc,3-High_2,156,25,advance_notice,6,1,0.85,Random,total_customers,84.0,84,72,13.54,1137.4,15.27,1282.55,145.16,707.12,4.53,459.32,53.8,0.306
3-High_2_1_nc,3-High_2,156,25,fully_online,1,1,0.15,Ranking,total_customers,12.0,12,144,14.52,174.26,15.84,190.1,15.84,146.0,0.94,0.0,7.7,0.01
3-High_2_3_nc,3-High_2,156,25,fully_online,3,1,0.48,Ranking,total_customers,44.0,44,112,13.94,613.3,15.32,673.91,60.61,399.09,2.56,53.42,28.2,0.024
3-High_2_6_nc,3-High_2,156,25,fully_online,6,1,0.73,Ranking,total_customers,72.0,72,84,13.92,1002.07,15.46,1113.33,111.26,768.16,4.92,221.8,46.2,0.039
3-High_2_1_nc,3-High_2,156,25,advance_notice,1,1,0.89,Ranking,total_customers,70.0,70,86,14.52,1016.69,16.23,1136.16,119.48,109.56,0.7,297.55,44.9,0.632
3-High_2_3_nc,3-High_2,156,25,advance_notice,3,1,0.85,Ranking,total_customers,77.0,77,79,13.38,1030.18,15.04,1158.43,128.25,317.75,2.04,380.62,49.4,0.477
3-High_2_6_nc,3-High_2,156,25,advance_notice,6,1,0.84,Ranking,total_customers,83.0,83,73,13.87,1150.82,15.55,1290.7,139.89,704.68,4.52,387.93,53.2,0.367
3-High_3_1_tp,3-High_3,158,25,fully_online,1,1,0.12,Greedy,total_profit,147.9,11,147,13.45,147.9,14.67,161.35,13.45,148.83,0.94,0.0,7.0,0.01
3-High_3_3_tp,3-High_3,158,25,fully_online,3,1,0.48,Greedy,total_profit,598.48,43,115,13.92,598.48,15.3,657.75,59.27,410.41,2.6,53.45,27.2,0.024
3-High_3_6_tp,3-High_3,158,25,fully_online,6,1,0.71,Greedy,total_profit,966.96,74,84,13.07,966.96,14.51,1074.0,107.04,768.16,4.86,210.47,46.8,0.041
3-High_3_1_tp,3-High_3,158,25,advance_notice,1,1,0.81,Greedy,total_profit,963.16,80,78,12.04,963.16,13.5,1079.9,116.73,96.73,0.61,320.92,50.6,0.942
3-High_3_3_tp,3-High_3,158,25,advance_notice,3,1,0.86,Greedy,total_profit,1081.73,84,74,12.88,1081.73,14.44,1212.71,130.98,300.52,1.9,359.02,53.2,0.67
3-High_3_6_tp,3-High_3,158,25,advance_notice,6,1,0.89,Greedy,total_profit,1220.81,87,71,14.03,1220.81,15.72,1367.65,146.83,642.88,4.07,394.37,55.1,0.4
3-High_3_1_tp,3-High_3,158,25,fully_online,1,1,0.12,Random,total_profit,147.9,11,147,13.45,147.9,14.67,161.35,13.45,148.83,0.94,0.0,7.0,0.01
3-High_3_3_tp,3-High_3,158,25,fully_online,3,1,0.49,Random,total_profit,613.97,45,113,13.64,613.97,15.0,675.08,61.11,409.53,2.59,58.23,28.5,0.024
3-High_3_6_tp,3-High_3,158,25,fully_online,6,1,0.73,Random,total_profit,996.55,77,81,12.94,996.55,14.42,1110.7,114.15,797.63,5.05,259.1,48.7,0.04
3-High_3_1_tp,3-High_3,158,25,advance_notice,1,1,0.84,Random,total_profit,997.55,78,80,12.79,997.55,14.43,1125.75,128.19,104.66,0.66,412.57,49.4,0.66
3-High_3_3_tp,3-High_3,158,25,advance_notice,3,1,0.85,Random,total_profit,1074.54,84,74,12.79,1074.54,14.44,1212.58,138.04,331.09,2.1,443.9,53.2,0.455
3-High_3_6_tp,3-High_3,158,25,advance_notice,6,1,0.82,Random,total_profit,1113.02,84,74,13.25,1113.02,14.98,1258.5,145.48,733.82,4.64,487.27,53.2,0.285
3-High_3_1_tp,3-High_3,158,25,fully_online,1,1,0.12,Ranking,total_profit,147.9,11,147,13.45,147.9,14.67,161.35,13.45,148.83,0.94,0.0,7.0,0.01
3-High_3_3_tp,3-High_3,158,25,fully_online,3,1,0.49,Ranking,total_profit,614.87,47,111,13.08,614.87,14.38,675.91,61.05,400.66,2.54,56.63,29.7,0.024
3-High_3_6_tp,3-High_3,158,25,fully_online,6,1,0.71,Ranking,total_profit,975.06,75,83,13.0,975.06,14.49,1086.76,111.7,789.59,5.0,253.65,47.5,0.044
3-High_3_1_tp,3-High_3,158,25,advance_notice,1,1,0.83,Ranking,total_profit,993.12,79,79,12.57,993.12,14.15,1117.65,124.53,100.41,0.64,376.65,50.0,0.796
3-High_3_3_tp,3-High_3,158,25,advance_notice,3,1,0.86,Ranking,total_profit,1081.9,86,72,12.58,1081.9,14.18,1219.65,137.75,311.17,1.97,433.33,54.4,0.522
3-High_3_6_tp,3-High_3,158,25,advance_notice,6,1,0.82,Ranking,total_profit,1115.35,84,74,13.28,1115.35,14.99,1259.28,143.93,731.28,4.63,467.88,53.2,0.322
3-High_3_1_wt,3-High_3,158,25,fully_online,1,1,2.1,Greedy,waiting_time,148.83,11,147,13.45,147.9,14.67,161.35,13.45,148.83,0.94,0.0,7.0,0.011
3-High_3_3_wt,3-High_3,158,25,fully_online,3,1,1.97,Greedy,waiting_time,410.41,43,115,13.92,598.48,15.3,657.75,59.27,410.41,2.6,53.45,27.2,0.025
3-High_3_6_wt,3-High_3,158,25,fully_online,6,1,1.91,Greedy,waiting_time,764.55,77,81,12.81,986.0,14.25,1097.2,111.19,764.55,4.84,237.13,48.7,0.042
3-High_3_1_wt,3-High_3,158,25,advance_notice,1,1,1.36,Greedy,waiting_time,96.89,77,81,12.75,981.78,14.32,1102.6,120.82,96.89,0.61,347.23,48.7,0.839
3-High_3_3_wt,3-High_3,158,25,advance_notice,3,1,1.43,Greedy,waiting_time,298.52,84,74,12.96,1088.3,14.53,1220.89,132.59,298.52,1.89,370.18,53.2,0.664
3-High_3_6_wt,3-High_3,158,25,advance_notice,6,1,1.58,Greedy,waiting_time,633.66,88,70,13.58,1195.14,15.22,1339.58,144.44,633.66,4.01,393.72,55.7,0.431
3-High_3_1_wt,3-High_3,158,25,fully_online,1,1,2.1,Random,waiting_time,148.83,11,147,13.45,147.9,14.67,161.35,13.45,148.83,0.94,0.0,7.0,0.01
3-High_3_3_wt,3-High_3,158,25,fully_online,3,1,1.96,Random,waiting_time,408.11,45,113,13.77,619.82,15.14,681.32,61.5,408.11,2.58,56.67,28.5,0.024
3-High_3_6_wt,3-High_3,158,25,fully_online,6,1,1.97,Random,waiting_time,790.7,75,83,12.9,967.13,14.36,1076.66,109.54,790.7,5.0,237.77,47.5,0.042
3-High_3_1_wt,3-High_3,158,25,advance_notice,1,1,1.48,Random,waiting_time,104.87,77,81,12.88,991.92,14.51,1117.53,125.61,104.87,0.66,389.78,48.7,0.61
3-High_3_3_wt,3-High_3,158,25,advance_notice,3,1,1.57,Random,waiting_time,327.99,85,73,12.52,1064.1,14.18,1205.03,140.93,327.99,2.08,486.15,53.8,0.425
3-High_3_6_wt,3-High_3,158,25,advance_notice,6,1,1.86,Random,waiting_time,744.05,86,72,13.0,1118.2,14.74,1267.76,149.57,744.05,4.71,527.07,54.4,0.268
3-High_3_1_wt,3-High_3,158,25,fully_online,1,1,2.1,Ranking,waiting_time,148.83,11,147,13.45,147.9,14.67,161.35,13.45,148.83,0.94,0.0,7.0,0.01
3-High_3_3_wt,3-High_3,158,25,fully_online,3,1,1.93,Ranking,waiting_time,401.99,46,112,13.51,621.41,14.85,682.9,61.49,401.99,2.54,54.98,29.1,0.024
3-High_3_6_wt,3-High_3,158,25,fully_online,6,1,1.99,Ranking,waiting_time,796.89,75,83,13.18,988.28,14.68,1101.01,112.73,796.89,5.04,251.78,47.5,0.042
3-High_3_1_wt,3-High_3,158,25,advance_notice,1,1,1.45,Ranking,waiting_time,102.9,78,80,12.27,956.79,13.81,1077.5,120.71,102.9,0.65,371.0,49.4,0.783
3-High_3_3_wt,3-High_3,158,25,advance_notice,3,1,1.44,Ranking,waiting_time,299.94,84,74,12.71,1067.27,14.29,1200.76,133.49,299.94,1.9,401.13,53.2,0.583
3-High_3_6_wt,3-High_3,158,25,advance_notice,6,1,1.8,Ranking,waiting_time,719.66,84,74,13.65,1146.22,15.37,1290.8,144.58,719.66,4.55,444.2,53.2,0.31
3-High_3_1_nc,3-High_3,158,25,fully_online,1,1,0.12,Greedy,total_customers,11.0,11,147,13.45,147.9,14.67,161.35,13.45,148.83,0.94,0.0,7.0,0.01
3-High_3_3_nc,3-High_3,158,25,fully_online,3,1,0.46,Greedy,total_customers,43.0,43,115,13.92,598.48,15.3,657.75,59.27,410.41,2.6,53.45,27.2,0.024
3-High_3_6_nc,3-High_3,158,25,fully_online,6,1,0.73,Greedy,total_customers,77.0,77,81,12.81,986.0,14.25,1097.2,111.19,764.55,4.84,237.13,48.7,0.041
3-High_3_1_nc,3-High_3,158,25,advance_notice,1,1,0.87,Greedy,total_customers,77.0,77,81,12.75,981.78,14.32,1102.6,120.82,96.89,0.61,347.23,48.7,0.838
3-High_3_3_nc,3-High_3,158,25,advance_notice,3,1,0.89,Greedy,total_customers,84.0,84,74,12.96,1088.3,14.53,1220.89,132.59,298.52,1.89,370.18,53.2,0.659
3-High_3_6_nc,3-High_3,158,25,advance_notice,6,1,0.83,Greedy,total_customers,88.0,88,70,13.58,1195.14,15.22,1339.58,144.44,633.66,4.01,393.72,55.7,0.429
3-High_3_1_nc,3-High_3,158,25,fully_online,1,1,0.12,Random,total_customers,11.0,11,147,13.45,147.9,14.67,161.35,13.45,148.83,0.94,0.0,7.0,0.01
3-High_3_3_nc,3-High_3,158,25,fully_online,3,1,0.47,Random,total_customers,44.0,44,114,13.64,600.06,14.98,659.33,59.27,406.01,2.57,51.88,27.8,0.023
3-High_3_6_nc,3-High_3,158,25,fully_online,6,1,0.7,Random,total_customers,74.0,74,84,12.99,961.16,14.48,1071.34,110.18,803.52,5.09,250.87,46.8,0.041
3-High_3_1_nc,3-High_3,158,25,advance_notice,1,1,0.87,Random,total_customers,77.0,77,81,12.58,968.82,14.22,1095.1,126.27,107.23,0.68,420.2,48.7,0.608
3-High_3_3_nc,3-High_3,158,25,advance_notice,3,1,0.87,Random,total_customers,82.0,82,76,12.33,1011.14,13.98,1146.03,134.89,334.38,2.12,472.68,51.9,0.369
3-High_3_6_nc,3-High_3,158,25,advance_notice,6,1,0.79,Random,total_customers,84.0,84,74,13.75,1154.83,15.54,1305.55,150.72,751.14,4.75,503.08,53.2,0.245
3-High_3_1_nc,3-High_3,158,25,fully_online,1,1,0.12,Ranking,total_customers,11.0,11,147,13.45,147.9,14.67,161.35,13.45,148.83,0.94,0.0,7.0,0.01
3-High_3_3_nc,3-High_3,158,25,fully_online,3,1,0.5,Ranking,total_customers,47.0,47,111,13.08,614.87,14.38,675.91,61.05,402.26,2.55,56.63,29.7,0.024
3-High_3_6_nc,3-High_3,158,25,fully_online,6,1,0.72,Ranking,total_customers,76.0,76,82,13.54,1028.69,15.06,1144.35,115.66,785.99,4.97,243.52,48.1,0.04
3-High_3_1_nc,3-High_3,158,25,advance_notice,1,1,0.87,Ranking,total_customers,77.0,77,81,12.98,999.47,14.58,1122.47,122.99,101.9,0.64,353.45,48.7,0.769
3-High_3_3_nc,3-High_3,158,25,advance_notice,3,1,0.93,Ranking,total_customers,87.0,87,71,12.35,1074.86,13.93,1211.83,136.97,317.93,2.01,431.83,55.1,0.556
3-High_3_6_nc,3-High_3,158,25,advance_notice,6,1,0.8,Ranking,total_customers,85.0,85,73,13.7,1164.38,15.44,1312.33,147.95,709.68,4.49,463.1,53.8,0.317
